link,error
https://www.toyota-buchreiter-eisenstadt.at,logo not found
https://www.plameco-hannover.de,logo not found
https://www.ibc-solar.jp,logo not found
https://www.cafelasmargaritas.es,logo not found
https://www.oil-testing.de,logo not found
https://www.wurthsaudi.com,logo not found
https://www.xella-colloquium.berlin,logo not found
https://www.avoncameroun.com,logo not found
https://www.noiseassessments.org,logo not found
https://www.mazdaofamarillo.com,logo not found
https://www.linde-gas.at,logo not found
https://www.adecco.cl,logo not found
https://www.nestle.com.vn,logo not found
https://www.mazda-autohaus-henseler-schwedt.de,logo not found
https://www.linexofschererville.com,logo not found
https://www.renaultmerida.com.mx,logo not found
https://www.medef-alsace.com,logo not found
https://www.allianz-kuhlemann.de,logo not found
https://www.subaru.nc,logo not found
https://www.intersport-rent.fr,logo not found
https://www.nestle.ch,logo not found
https://www.adecco.cl,logo not found
https://www.culliganwi.com,logo not found
https://www.brother.com.pe,logo not found
https://www.culliganheartland.com,logo not found
https://www.culligantotalwater.com,logo not found
https://www.allianz-rose.info,logo not found
https://www.mazda-autohaus-fenzl-hauzenberg.de,logo not found
https://www.daikincareers.com,logo not found
https://www.scte-prod.herokuapp.com,logo not found
https://www.saint-gobain.ru,logo not found
https://www.renaultsancosme.com.mx,logo not found
https://www.mazdalakeland.com,logo not found
https://www.renaulttlalnepantla.com.mx,logo not found
https://www.araihelmet.com,logo not found
https://www.nestle.mk,logo not found
https://www.aamcofortworth.com,logo not found
https://www.papasaveriospizzeria.com,logo not found
https://www.sitechnorthwest.com,logo not found
https://www.cfmotoperu.com,logo not found
https://www.kia-plt.ru,logo not found
https://www.secureparking.co.id,logo not found
https://www.allianz-assistance.ie,logo not found
https://www.decathlon.ch,logo not found
https://www.linde-gas.at,logo not found
https://www.mazda-ma.com,logo not found
https://www.culliganquadcities.com,logo not found
https://www.nikonschool.de,logo not found
https://www.medef-corse.com,logo not found
https://www.decathlon.hu,logo not found
https://www.isover.se,logo not found
https://www.adecco.com.sg,logo not found
https://www.mazdaoforange.com,logo not found
https://www.kiamarin.com,logo not found
https://www.toyota-annecy.fr,logo not found
https://www.repsol.in.ua,logo not found
https://www.toysrus.com.ph,logo not found
https://www.mazdaofamarillo.com,logo not found
https://www.renaultcampeche.mx,logo not found
https://www.kiaofdaphne.com,logo not found
https://www.isover.ua,logo not found
https://www.rockvalleyculligan.com,logo not found
https://www.toyota-bauer.at,logo not found
https://www.toyota-rillieux.fr,logo not found
https://www.dysartsservicecenter.com,logo not found
https://www.tupperware.es,logo not found
https://www.adlatus-nordwestschweiz.ch,logo not found
https://www.subaru-bd.com,logo not found
https://www.toyotaortakoy.com.tr,logo not found
https://www.culligansiouxcity.com,logo not found
https://www.kia-crimea.ru,logo not found
https://www.acuraofwestchester.com,logo not found
https://www.wurthsaudi.com,logo not found
https://www.lidl-giftcard.eu,logo not found
https://www.mazda-uae.com,logo not found
https://www.linde-gaz.pl,logo not found
https://www.pingusenglishbd.com,logo not found
https://www.nestle.bg,logo not found
https://www.tgmresearch.vn,logo not found
https://www.linexofwilliston.com,logo not found
https://www.mazdacity.com,logo not found
https://www.kia-kmv.ru,logo not found
https://www.adecco.rs,logo not found
https://www.intersport.si,logo not found
https://www.trijit.uk,logo not found
https://www.tevamexico.com.mx,logo not found
https://www.budget-egypt.com,logo not found
https://www.toshiba-water.com,logo not found
https://www.allianz-rose.info,logo not found
https://www.allianz-genc.de,logo not found
https://www.suttontools.co.nz,logo not found
https://www.rotary-club-paris-se.org,logo not found
https://www.sto-ukraine.com,logo not found
https://www.shopee.in,logo not found
https://www.mazdaofspartanburg.com,logo not found
https://www.mazdafwb.com,logo not found
https://www.reedglobal.bg,logo not found
https://www.axa-assistance.ma,logo not found
https://www.decathlon.com.tr,logo not found
https://www.orange-bissau.com,logo not found
https://www.kia-chita.ru,logo not found
https://www.medef-ain.fr,logo not found
https://www.medef-somme.fr,logo not found
https://www.pingusenglish.com.cy,logo not found
https://www.affidea.lt,logo not found
https://www.saint-gobain-solutions.nl,logo not found
https://www.nutricia.ie,logo not found
https://www.mtn.com.gh,logo not found
https://www.decathlon.hu,logo not found
https://www.mazdaofpottstown.com,logo not found
https://www.isover.com.br,logo not found
https://www.allianz.com.ar,logo not found
https://www.kiaofabilene.com,logo not found
https://www.nestle.com.tw,logo not found
https://www.nestle.pl,logo not found
https://www.job-impulse.hu,logo not found
https://www.renaultchiapas.com.mx,logo not found
https://www.mcvitiesindia.com,logo not found
https://www.kiaofduluth.com,logo not found
https://www.affidea.es,logo not found
https://www.kia-asc.ru,logo not found
https://www.culligandelavan.com,logo not found
https://www.brother.com.br,logo not found
https://www.linde-gaz.pl,logo not found
https://www.decathlon.ro,logo not found
https://www.decathlon.pl,logo not found
https://www.kilewswest.com,logo not found
https://www.childrenandteendentalfl.com,logo not found
https://www.lindeoilandgas.com,logo not found
https://www.lvs-oxford.org.uk,logo not found
https://www.wurth.hu,logo not found
https://www.adeccome.com,logo not found
https://www.sto-ukraine.com,logo not found
https://www.hertz.com.ge,logo not found
https://www.mazda112.com,logo not found
https://www.nestle.at,logo not found
https://www.pepsico.sa,logo not found
https://www.pepsico.com.tr,logo not found
https://www.orange.cm,logo not found
https://www.casaaurorasupermercados.com.br,logo not found
https://www.mazdacity.com,logo not found
https://www.mtn.co.rw,logo not found
https://www.allianz-peev.de,logo not found
https://www.notairespirletboinet.be,logo not found
https://www.mazdaofescondido.com,logo not found
https://www.culliganmichigan.com,logo not found
https://www.renaultcancun.com.mx,logo not found
https://www.metlife.cl,logo not found
https://www.daikinitalyshop.it,logo not found
https://www.nestle.ro,logo not found
https://www.renaultinterlomas.com,logo not found
https://www.veolia.com.gh,logo not found
https://www.pingusenglish.ps,logo not found
https://www.mazdalakeland.com,logo not found
https://www.mazdaofwestridge.com,logo not found
https://www.mazdaofpoughkeepsie.com,logo not found
https://www.culliganchampaign.com,logo not found
https://www.renaultcoatzacoalcos.com.mx,logo not found
https://www.sixty8.ro,logo not found
https://www.mazda.com.sg,logo not found
https://www.mazdaofnorthmiami.com,logo not found
https://www.truckcityford.com,logo not found
https://www.tapflo.co.za,logo not found
https://www.bakertilly.com.cy,logo not found
https://www.avis.com.do,logo not found
https://www.toyota-saint-victoret.com,logo not found
https://www.mazdaofchicagoland.com,logo not found
https://www.mazda-warszawa-auto2000.pl,logo not found
https://www.wurth-int.com,logo not found
https://www.allianz-handwerker.de,logo not found
https://www.ymcachicago.org,logo not found
https://www.mazdaofpoughkeepsie.com,logo not found
https://www.nestle.se,logo not found
https://www.cfmotoqueretaro.com,logo not found
https://www.renaultamericas.com.mx,logo not found
https://www.kiaofpa.com,logo not found
https://www.mazdaofwestridge.com,logo not found
https://www.culliganregina.com,logo not found
https://www.printsasia.com,logo not found
https://www.linexofchickasha.com,logo not found
https://www.allianz-rose.info,logo not found
https://www.nestle-mena.com,logo not found
https://www.engieservices.us,logo not found
https://www.thebodyshop.com.tr,logo not found
https://www.orange.co.bw,logo not found
https://www.culliganmidmichigan.com,logo not found
https://www.wurth.hu,logo not found
https://www.isover.it,logo not found
https://www.renaulttlalnepantla.com.mx,logo not found
https://www.hertz.com.ge,logo not found
https://www.hondaheritagecenter.com,logo not found
https://www.adecco.com.sg,logo not found
https://www.mazdacorpuschristi.com,logo not found
https://www.mazdaoforlandpark.com,logo not found
https://www.renaultpuertovallarta.com.mx,logo not found
https://www.nestle-caribbean.com,logo not found
https://www.nestle.si,logo not found
https://www.culliganlacrosse.com,logo not found
https://www.cdlvideira.com.br,logo not found
https://www.kiaofverobeach.com,logo not found
https://www.carlsjr.co.nz,logo not found
https://www.mazda.com.sg,logo not found
https://www.renaultcoatzacoalcos.com.mx,logo not found
https://www.howdengroupholdings.com,logo not found
https://www.renaultcancun.com.mx,logo not found
https://www.culliganmarlette.com,logo not found
https://www.affidea.gr,logo not found
https://www.greatplacetowork.be,logo not found
https://www.foxinaboxlondon.uk,logo not found
https://www.kiavacaville.com,logo not found
https://www.experian.co.nz,logo not found
https://www.captrain.pl,logo not found
https://www.nestle.com.ve,logo not found
https://www.kiajc.com,logo not found
https://www.kiaofstcatharines.com,logo not found
https://www.toyotasud.ro,logo not found
https://www.culliganwaterbillings.com,logo not found
https://www.allianz.ua,logo not found
https://www.lidl-voyages.fr,logo not found
https://www.nelsonlabsbozeman.com,logo not found
https://www.savethechildren.nl,logo not found
https://www.sanlorenzo.com.pe,logo not found
https://www.kiamotors.com.kh,logo not found
https://www.culliganbrighton.com,logo not found
https://www.mazdacorpuschristi.com,logo not found
https://www.toyota-marseille.com,logo not found
https://www.isuzu.com,logo not found
https://www.decathlon.cz,logo not found
https://www.culliganricelake.com,logo not found
https://www.mazdaofportcharlotte.com,logo not found
https://www.mazdaofcolumbia.com,logo not found
https://www.culliganmarion.com,logo not found
https://www.kiaofoldsaybrook.com,logo not found
https://www.acetoolonline.com,logo not found
https://www.duracell.in,logo not found
https://www.culligancountry.com,logo not found
https://www.aad-insurance.com,logo not found
https://www.orange.co.bw,logo not found
https://www.nestle.no,logo not found
https://www.263.net.cn,logo not found
https://www.budget.rs,logo not found
https://www.allianzportugal.pt,logo not found
https://www.mazdaofsouthcharlotte.com,logo not found
https://www.rotaryclubmedellin.org,logo not found
https://www.mazdaofnorthmiami.com,logo not found
https://www.toyotasouthern.com,logo not found
https://www.orange.cd,logo not found
https://www.chicco.com.ph,logo not found
https://www.duracell.com.tr,logo not found
https://www.culliganporthuron.com,logo not found
https://www.adecco.rs,logo not found
https://www.saint-gobain.com.co,logo not found
https://www.affresco-decor.com,logo not found
https://www.carlsjr-russia.ru,logo not found
https://www.starkey.co.uk,logo not found
https://www.gulf.no,logo not found
https://www.subway.com.tw,logo not found
https://www.reedglobal.bg,logo not found
https://www.oaklandwoodfloors.net,logo not found
https://www.cdlcampina.org.br,logo not found
https://www.kiaofwestchester.com,logo not found
https://www.adeccome.com,logo not found
https://www.reallifeconcepts.co.za,logo not found
https://www.medef-vendee.fr,logo not found
https://www.culligantucson.com,logo not found
https://www.renaultchiapas.com.mx,logo not found
https://www.axa-assistance.ma,logo not found
https://www.mcdonalds.com.jo,logo not found
https://www.paybase.netlify.app,logo not found
https://www.culligangeneva.com,logo not found
https://www.altenromania.ro,logo not found
https://www.allianz-peev.de,logo not found
https://www.mazdaofamarillo.com,logo not found
https://www.nestle.hr,logo not found
https://www.mercyships.org.au,logo not found
https://www.culliganillinoisvalley.com,logo not found
https://www.mazdaofspartanburg.com,logo not found
https://www.savethechildren.nl,logo not found
https://www.culliganalbionhillsdale.com,logo not found
https://www.adra.org.pt,logo not found
https://www.allianz-peev.de,logo not found
https://www.toyota-corbeil.fr,logo not found
https://www.saint-gobain.ar,logo not found
https://www.daikin-korea.co.kr,logo not found
https://www.allianz.ie,logo not found
https://www.mondialparebrise.re,logo not found
https://www.isover.de,logo not found
https://www.sekulin-allianz.de,logo not found
https://www.toyota-montluel.fr,logo not found
https://www.allianz-kuhlemann.de,logo not found
https://www.dci.co.th,logo not found
https://www.fmc-symposium.cz,logo not found
https://www.nissanofgardencity.com,logo not found
https://www.honda-nig.com,logo not found
https://www.mazda.com.kh,logo not found
https://www.toyota-chartres.fr,logo not found
https://www.orange.ci,logo not found
https://www.tescomobile.sk,logo not found
https://www.nestle.fi,logo not found
https://www.thebodyshop.com.br,logo not found
https://www.hyundai.sn,logo not found
https://www.renaultmonterrey.com,logo not found
https://www.culliganofidaho.com,logo not found
https://www.nestle.do,logo not found
https://www.culliganfresnolindsay.com,logo not found
https://www.renaultecatepec.com.mx,logo not found
https://www.mazda.com.sg,logo not found
https://www.isover.it,logo not found
https://www.culligantotalwateriowa.com,logo not found
https://www.mazdaoforange.com,logo not found
https://www.culliganwaterwyoming.com,logo not found
https://www.avia-unimot.com.ua,logo not found
https://www.renaultpachuca.com.mx,logo not found
https://www.decathlon.ch,logo not found
https://www.axa-assistance.ma,logo not found
https://www.renaultbank.es,logo not found
https://www.toyota-ulrichshofer.at,logo not found
https://www.hertzhn.com,logo not found
https://www.cyclecarriage.com,logo not found
https://www.culliganillinois.com,logo not found
https://www.weidner.ca,logo not found
https://www.aiesec.org.es,logo not found
https://www.nestle.ir,logo not found
https://www.culligankennewick.com,logo not found
https://www.daikincareers.com,logo not found
https://www.linexofstlouismo.com,logo not found
https://www.pearsonactivelearn.com,logo not found
https://www.adecco.ie,logo not found
https://www.culliganmoseslake.com,logo not found
https://www.renaultamericas.com.mx,logo not found
https://www.adecco.ie,logo not found
https://www.mazdaofconshohocken.com,logo not found
https://www.desjoyaux.com.cn,logo not found
https://www.mazda-autohaus-fenzl-hauzenberg.de,logo not found
https://www.daikinitalyshop.it,logo not found
https://www.mazda-uae.com,logo not found
https://www.culliganofpeoria.com,logo not found
https://www.extremeadventureraces.com,logo not found
https://www.mazda.com.tw,logo not found
https://www.toyotabeerens.be,logo not found
https://www.mazda-warszawa-auto2000.pl,logo not found
https://www.norauto.com,logo not found
https://www.subaru.mt,logo not found
https://www.isover.lv,logo not found
https://www.pepsico.com.pk,logo not found
https://www.kia-guadeloupe.com,logo not found
https://www.culligantotalwaterbaraboo.com,logo not found
https://www.culligangrandisland.com,logo not found
https://www.renault-chihuahua.com,logo not found
https://www.renaultmerida.com.mx,logo not found
https://www.duracell.es,logo not found
https://www.acuraofwappingersfalls.com,logo not found
https://www.pingusenglish.ps,logo not found
https://www.isover.com.ar,logo not found
https://www.papajohns.ma,logo not found
https://www.allianz-rose.info,logo not found
https://www.atalian.sg,logo not found
https://www.path-solutions.com,logo not found
https://www.wwf.org.nz,logo not found
https://www.nestle.co.nz,logo not found
https://www.tupperware.com.vn,logo not found
https://www.digilite.com.au,logo not found
https://www.mazdaofalexandria.com,logo not found
https://www.linexofjoliet.com,logo not found
https://www.soventix.cl,logo not found
https://www.mazdaofalexandria.com,logo not found
https://www.kiamotors.com.co,logo not found
https://www.aamcokellertx.com,logo not found
https://www.lindeoilandgas.com,logo not found
https://www.renaultbank.es,logo not found
https://www.renaultpatriotismo.com.mx,logo not found
https://www.allianz-sebastiankoch.de,logo not found
https://www.mazdaofpottstown.com,logo not found
https://www.sekulin-allianz.de,logo not found
https://www.mazdaofpoughkeepsie.com,logo not found
https://www.starkey.co.kr,logo not found
https://www.culliganofmerrillville.com,logo not found
https://www.wwf.org.nz,logo not found
https://www.aamcogreensburgpa.com,logo not found
https://www.pkfcemac.com,logo not found
https://www.lghealthjobs.org,logo not found
https://www.renaulttepic.mx,logo not found
https://www.duracell.pl,logo not found
https://www.allianz-reiseschutz.de,logo not found
https://www.rinnai.com.tw,logo not found
https://www.chicco.com.ph,logo not found
https://www.culliganindiana.com,logo not found
https://www.linexranchocordova.com,logo not found
https://www.starbucks.com.gr,logo not found
https://www.isover.fi,logo not found
https://www.mazdaofnewrochelle.com,logo not found
https://www.allianzlifebali.com,logo not found
https://www.kia-etehad-halstenbek.de,logo not found
https://www.cleansui-usa.com,logo not found
https://www.securitas24.de,logo not found
https://www.chicco.com.tr,logo not found
https://www.allianz.sg,logo not found
https://www.mazdafwb.com,logo not found
https://www.renaultpachuca.com.mx,logo not found
https://www.pepsico.com.co,logo not found
https://www.pepsico.fr,logo not found
https://www.nepaltrust.gov.np,logo not found
https://www.acuraofpeabody.com,logo not found
https://www.starkey.com.br,logo not found
https://www.nestle.ba,logo not found
https://www.ealang.com.cn,logo not found
https://www.toysrus.com.ph,logo not found
https://www.mazdaoforlandpark.com,logo not found
https://www.baywa-re.fr,logo not found
https://www.aamcoarlington-pantego.com,logo not found
https://www.komoder.co.uk,logo not found
https://www.mazdaofwooster.com,logo not found
https://www.culliganchicago.com,logo not found
https://www.orange.com.lr,logo not found
https://www.rotary-club-strasbourg.org,logo not found
https://www.coffeesmith.com.sg,logo not found
https://www.mazdanorkar.com,logo not found
https://www.acuraofgainesville.com,logo not found
https://www.medef-ardennes.com,logo not found
https://www.cfmotoindia.com,logo not found
https://www.hsbcsaudi.com,logo not found
https://www.allianzportugal.pt,logo not found
https://www.countryroadsford.net,logo not found
https://www.nestle.com.sg,logo not found
https://www.dicetek.us,logo not found
https://www.platingsystems.info,logo not found
https://www.hyundaiofchatham.ca,logo not found
https://www.carlsjr-russia.ru,logo not found
https://www.hannainst.hr,logo not found
https://www.budget-egypt.com,logo not found
https://www.toyota-innviertel.at,logo not found
https://www.tapflo.nl,logo not found
https://www.renaultsancosme.com.mx,logo not found
https://www.deswam.in,logo not found
https://www.mazda-autohaus-henseler-schwedt.de,logo not found
https://www.renaulttepic.mx,logo not found
https://www.toyota-paris5.fr,logo not found
https://www.toysrus.com.sa,logo not found
https://www.plameco-huizen.nl,logo not found
https://www.daikin-korea.co.kr,logo not found
https://www.wurth-int.com,logo not found
https://www.subarutijuana.mx,logo not found
https://www.medknow.com,logo not found
https://www.mazdaofbedford.com,logo not found
https://www.culliganflint.com,logo not found
https://www.habitatbroward.org,logo not found
https://www.aon.lt,logo not found
https://www.kiaofmurfreesboro.com,logo not found
https://www.renaultpatriotismo.com.mx,logo not found
https://www.myplumberca.com,logo not found
https://www.orange-bissau.com,logo not found
https://www.toyota-bauer.at,logo not found
https://www.mazdaofspartanburg.com,logo not found
https://www.allianz-sebastiankoch.de,logo not found
https://www.mercyships.org.au,logo not found
https://www.culliganlasvegas.com,logo not found
https://www.toyota-givors.fr,logo not found
https://www.mazdaofbedford.com,logo not found
https://www.kiacoldlake.com,logo not found
https://www.kiaofgrandblanc.com,logo not found
https://www.decathlon.ro,logo not found
https://www.culligancentralindiana.com,logo not found
https://www.bakertilly.site,logo not found
https://www.aireserv.ca,logo not found
https://www.allianz-sebastiankoch.de,logo not found
https://www.isover.co.kr,logo not found
https://www.kiaofgrandblanc.com,logo not found
https://www.biolchim.com.br,logo not found
https://www.culliganhoriconwatertown.com,logo not found
https://www.kiaofwestburlington.com,logo not found
https://www.tbwazim.co.zw,logo not found
https://www.aon.hu,logo not found
https://www.duracell.it,logo not found
https://www.vedanta-zincinternational.com,logo not found
https://www.intersport.hr,logo not found
https://www.allianz-sebastiankoch.de,logo not found
https://www.aspenpharma.es,logo not found
https://www.idealindustries.cn,logo not found
https://www.culliganwaternebraska.com,logo not found
https://www.rsmuk.com,logo not found
https://www.allianz-genc.de,logo not found
https://www.linexranchocordova.com,logo not found
https://www.renault-chihuahua.com,logo not found
https://www.kiaoflumberton.com,logo not found
https://www.toyota-saint-victoret.com,logo not found
https://www.pepsico.rs,logo not found
https://www.wwf.org.nz,logo not found
https://www.intersport-rent.fr,logo not found
https://www.subaru.es,logo not found
https://www.travelocarbooking.com,logo not found
https://www.mazdaofmilford.com,logo not found
https://www.toyotapasongtamo.com,logo not found
https://www.gulfoil.co.uk,logo not found
https://www.mazdaofalexandria.com,logo not found
https://www.orange.ci,logo not found
https://www.nikonmetro1stg.wpengine.com,logo not found
https://www.kiacowansville.com,logo not found
https://www.rubiomonocoat.com.pl,logo not found
https://www.toyotabeerens.be,logo not found
https://www.isover.ie,logo not found
https://www.ringcontainers.co.uk,logo not found
https://www.renaultpatria.com.mx,logo not found
https://www.nestle.ua,logo not found
https://www.culligannation.com,logo not found
https://www.pepsico.es,logo not found
https://www.allianz-peev.de,logo not found
https://www.mazdademagog.com,logo not found
https://www.mazdaofconshohocken.com,logo not found
https://www.allianz-kuhlemann.de,logo not found
https://www.linde-gaz.pl,logo not found
https://www.kiaofbillings.com,logo not found
https://www.renaultcampeche.mx,logo not found
https://www.mazdaofcolumbia.com,logo not found
https://www.reedglobal.com.tr,logo not found
https://www.top1toysbleijenberg.nl,logo not found
https://www.filatime.com,logo not found
https://www.toyota-handler.at,logo not found
https://www.toyota-saint-victoret.com,logo not found
https://www.plameco-hannover.de,logo not found
https://www.culliganwooster.com,logo not found
https://www.amnestyghana.org,logo not found
https://www.nissanofthebronx.com,logo not found
https://www.mazda.com.tw,logo not found
https://www.duracell.co.za,logo not found
https://www.savethechildren.nl,logo not found
https://www.pingusenglish.com.cy,logo not found
https://www.santanderuniversidades.com.mx,logo not found
https://www.wurthsaudi.com,logo not found
https://www.mazdacity.com,logo not found
https://www.medef-dromeardeche.fr,logo not found
https://www.pepsico.co.it,logo not found
https://www.intersport.hr,logo not found
https://www.culliganadvantage.com,logo not found
https://www.budget.rs,logo not found
https://www.lindeoilandgas.com,logo not found
https://www.mazdadesherbrooke.com,logo not found
https://www.mitsubishielectric.in,logo not found
https://www.kiamarin.com,logo not found
https://www.adecco.de,logo not found
https://www.kiaofcoatesville.com,logo not found
https://www.amnestyghana.org,logo not found
https://www.lamannamovingny.com,logo not found
https://www.chicco.com.tr,logo not found
https://www.hansa-flex.us,logo not found
https://www.renaultecatepec.com.mx,logo not found
https://www.synlab.lt,logo not found
https://www.nestle.dk,logo not found
https://www.ymcatrivalley.org,logo not found
https://www.wurth.es,logo not found
https://www.medef-seine-estuaire.fr,logo not found
https://www.reedglobal.bg,logo not found
https://www.mazdaoflodi.com,logo not found
https://www.kiaofmuncie.com,logo not found
https://www.pingusenglish.vn,logo not found
https://www.subarutijuana.mx,logo not found
https://www.nestle.com.pe,logo not found
https://www.casperscreensnorcal.com,logo not found
https://www.jysk.mk,logo not found
https://www.starkey.com.co,logo not found
https://www.allianz-genc.de,logo not found
https://www.renaultdelsol.com.mx,logo not found
https://www.allianz.sg,logo not found
https://www.pingusenglish.vn,logo not found
https://www.nestle-esar.com,logo not found
https://www.kia-autoprodix.ru,logo not found
https://www.nestle.com.bo,logo not found
https://www.pamline.fr,logo not found
https://www.solatube.com.cn,logo not found
https://www.dci.co.th,logo not found
https://www.pepsico.ua,logo not found
https://www.wurthsaudi.com,logo not found
https://www.mazdaofnewrochelle.com,logo not found
https://www.kiajc.com,logo not found
https://www.gotchateausa.com,logo not found
https://www.solatube.no,logo not found
https://www.tapflo.by,logo not found
https://www.medef-htcis.com,logo not found
https://www.wuerth.dk,logo not found
https://www.renaultinterlomas.com,logo not found
https://www.kiaprimavera.com,logo not found
https://www.pepsico.pt,logo not found
https://www.indianmotorcycle.com.ar,logo not found
https://www.thegoodlobby.fr,logo not found
https://www.julis-bremen.de,logo not found
https://www.engie.com.au,logo not found
https://www.nutricia.co.uk,logo not found
https://www.orange.com.lr,logo not found
https://www.allianz-genc.de,logo not found
https://www.lindeoilandgas.com,logo not found
https://www.lindeoilandgas.com,logo not found
https://www.culliganstlouis.com,logo not found
https://www.rotary7610.org,logo not found
https://www.nestle.co.kr,logo not found
https://www.pepsico.com.br,logo not found
https://www.tanameracoffee.com,logo not found
https://www.adra.org.pt,logo not found
https://www.altriusconsulting.com,logo not found
https://www.desjoyauxgh.com,logo not found
https://www.renaultdelsol.com.mx,logo not found
https://www.thebodyshop.com.tr,logo not found
https://www.acuraoframsey.com,logo not found
https://www.soneparusa.com,logo not found
https://www.indianmotorcyclesturgis.com,logo not found
https://www.bestwesternbraddock.com,logo not found
https://www.subaru.nc,logo not found
https://www.mcdonalds-mcdelivery.es,logo not found
https://www.starbucks.com.gr,logo not found
https://www.culliganwisconsin.com,logo not found
https://www.brother.com.ar,logo not found
https://www.linde-gas.at,logo not found
https://www.mazda.com.kh,logo not found
https://www.renaultpatria.com.mx,logo not found
https://www.culliganlemars.com,logo not found
https://www.nestle.com.uy,logo not found
https://www.toyota-magny.fr,logo not found
https://www.nestle.com.ar,logo not found
https://www.macma.pl,logo not found
https://www.spie-osmo.de,logo not found
https://www.bauer-egypt.com,logo not found
https://www.zenithplasticsurgery.com,logo not found
https://www.mazdaofsouthcharlotte.com,logo not found
https://www.mazdaoflodi.com,logo not found
https://www.isover.at,logo not found
https://www.toyota-buchreiter-eisenstadt.at,logo not found
https://www.duracell.fr,logo not found
https://www.mazdaofescondido.com,logo not found
https://www.medeforne.fr,logo not found
https://www.disneychannel.co.za,logo not found
https://www.isover.be,logo not found
https://www.siebtechnik-tema.com.au,logo not found
https://www.orange.cd,logo not found
https://www.mazda112.com,logo not found
https://www.vamdodoma.ru,logo not found
https://www.mazdaofmilford.com,logo not found
https://www.subaru.es,logo not found
https://www.lindeoilandgas.com,logo not found
https://www.kiaofduluth.com,logo not found
https://www.reedglobal.com.tr,logo not found
https://www.mazdaofpottstown.com,logo not found
https://www.medef-seineetmarne.fr,logo not found
https://www.renaultmonterrey.com,logo not found
https://www.mazdaofwooster.com,logo not found
https://www.mazdaofportcharlotte.com,logo not found
https://www.mazdanorkar.com,logo not found
https://www.adecco.com.vn,logo not found
https://www.decathlon.com.tr,logo not found
https://www.sonepar.co,logo not found
https://www.allianz-kuhlemann.de,logo not found
https://www.adecco.com.vn,logo not found
https://www.kynixsemiconductor.com,logo not found
https://www.dhirajsonsonline.com,logo not found
https://www.takedaoncology.com,logo not found
https://www.culligangrandrapids.com,logo not found
https://www.rsm.bh,logo not found
https://www.nestle.lt,logo not found
https://www.esseskincare.hk,logo not found
https://www.toyotaortakoy.com.tr,logo not found
https://www.digi-intl.co.jp,logo not found
https://www.norauto-empleo.es,logo not found
https://www.nestle.com.bd,logo not found
https://www.papajohns.com.tr,logo not found
https://www.stora-drain.be,logo not found
https://www.mazda-autohaus-huck-buehl.de,logo not found
https://www.brother.com.mx,logo not found
https://www.wurth.hu,logo not found
https://www.techmatrix-asia.com,logo not found
https://www.mazdaofchicagoland.com,logo not found
https://www.tapflo.se,logo not found
https://www.decathlon.cz,logo not found
https://www.lueck-gruppe.de,logo not found
https://www.affidea.ch,logo not found
https://www.toyota-lyonsud.fr,logo not found
https://www.allianz-reiseschutz.de,logo not found
https://www.mazdaofconshohocken.com,logo not found
https://www.tributek.com,logo not found
https://www.spitex-aarenord.ch,logo not found
https://www.topdoctors.cl,logo not found
https://www.pingusenglishbd.com,logo not found
https://www.toyota.com.np,logo not found
https://www.isover.ua,logo not found
https://www.nestle.com.py,logo not found
https://www.reedglobal.com.tr,logo not found
https://www.savethechildren.nl,logo not found
https://www.ampersand-world.com,logo not found
https://www.carlsjr.co.nz,logo not found
https://www.toyotadefence.com,logo not found
https://www.rexel.ca,logo not found
https://www.medef-aura.fr,logo not found
https://www.renaultpuertovallarta.com.mx,logo not found
https://www.toyotasud.ro,logo not found
https://www.culliganallegan.com,logo not found
https://www.toyota-marseille.com,logo not found
https://www.avon.co.mu,logo not found
https://www.toyota-bauer.at,logo not found
