https://www.ibc-solar.jp,logo not found
https://www.linde-gas.at,logo not found
https://www.adecco.cl,logo not found
https://www.adecco.cl,logo not found
https://www.brother.com.pe,logo not found
https://www.linde-gas.at,logo not found
https://www.adecco.com.sg,logo not found
https://www.toyota-bauer.at,logo not found
https://www.dysartsservicecenter.com,logo not found
https://www.lidl-giftcard.eu,logo not found
https://www.mazda-uae.com,logo not found
https://www.linde-gaz.pl,logo not found
https://www.adecco.rs,logo not found
https://www.shopee.in,logo not found
https://www.affidea.lt,logo not found
https://www.nutricia.ie,logo not found
https://www.job-impulse.hu,logo not found
https://www.affidea.es,logo not found
https://www.brother.com.br,logo not found
https://www.linde-gaz.pl,logo not found
https://www.adeccome.com,logo not found
https://www.casaaurorasupermercados.com.br,logo not found
https://www.notairespirletboinet.be,logo not found
https://www.metlife.cl,logo not found
https://www.daikinitalyshop.it,logo not found
https://www.engieservices.us,logo not found
https://www.adecco.com.sg,logo not found
https://www.affidea.gr,logo not found
https://www.experian.co.nz,logo not found
https://www.aad-insurance.com,logo not found
https://www.adecco.rs,logo not found
https://www.adeccome.com,logo not found
https://www.reallifeconcepts.co.za,logo not found
https://www.orange.ci,logo not found
https://www.toyota-ulrichshofer.at,logo not found
https://www.cyclecarriage.com,logo not found
https://www.pearsonactivelearn.com,logo not found
https://www.adecco.ie,logo not found
https://www.adecco.ie,logo not found
https://www.daikinitalyshop.it,logo not found
https://www.mazda-uae.com,logo not found
https://www.mazda.com.tw,logo not found
https://www.papajohns.ma,logo not found
https://www.kiamotors.com.co,logo not found
https://www.pkfcemac.com,logo not found
https://www.starbucks.com.gr,logo not found
https://www.komoder.co.uk,logo not found
https://www.hsbcsaudi.com,logo not found
https://www.toyota-innviertel.at,logo not found
https://www.toyota-bauer.at,logo not found
https://www.bakertilly.site,logo not found
https://www.rsmuk.com,logo not found
https://www.orange.ci,logo not found
https://www.kiacowansville.com,logo not found
https://www.rubiomonocoat.com.pl,logo not found
https://www.ringcontainers.co.uk,logo not found
https://www.mazdademagog.com,logo not found
https://www.linde-gaz.pl,logo not found
https://www.reedglobal.com.tr,logo not found
https://www.toyota-handler.at,logo not found
https://www.mazda.com.tw,logo not found
https://www.mazdadesherbrooke.com,logo not found
https://www.adecco.de,logo not found
https://www.wuerth.dk,logo not found
https://www.nutricia.co.uk,logo not found
https://www.tanameracoffee.com,logo not found
https://www.desjoyauxgh.com,logo not found
https://www.starbucks.com.gr,logo not found
https://www.brother.com.ar,logo not found
https://www.linde-gas.at,logo not found
https://www.spie-osmo.de,logo not found
https://www.zenithplasticsurgery.com,logo not found
https://www.reedglobal.com.tr,logo not found
https://www.adecco.com.vn,logo not found
https://www.adecco.com.vn,logo not found
https://www.takedaoncology.com,logo not found
https://www.brother.com.mx,logo not found
https://www.affidea.ch,logo not found
https://www.spitex-aarenord.ch,logo not found
https://www.reedglobal.com.tr,logo not found
https://www.ampersand-world.com,logo not found
https://www.toyota-bauer.at,logo not found
